en	ga
You can buy/purchase TS3021ICT right here, right now. 	Is féidir leat a cheannach / a cheannach MIC841HYC5 TR dheis anseo, ceart anois. 
(c) for the recognition and approval by the Council of courses of study and training and of examinations of institutions or bodies other than the Society where the Council are satisfied that the institutions or bodies are suitable for the provision of such courses or the holding of such examinations, [GA] 	(c) chun an Chomhairle d'aithint agus do cheadú cúrsaí staidéir agus traenála agus scrúduithe foras nó comhlachtaí seachas an Cumann i gcás inar deimhin leis an gComhairle na forais nó na comhlachtaí a bheith oiriúnach chun na cúrsaí sin a sholáthar nó na scrúduithe sin a sheoladh, [EN] 
Virtually 30% of the economy of our country is tied to this product.	Tá beagnach 30% de gheilleagar ár dtír ceangailte leis an táirge seo.
11.— A public assistance authority may, with the consent of the Minister and subject to compliance with such conditions as he may think proper to impose, appropriate and use for the purpose of any of its powers and duties any land vested for any purpose in such authority and not required for the purpose for which it was acquired. [GA] 	11. —Féadfaidh údarás conganta phuiblí, le toiliú an Aire agus fé réir cólíonadh pé coinníollacha is dóich leis sin is ceart d'fhorchur, aon talamh a bheidh dílsithe chun críche ar bith san údarás san agus ná beidh ag teastáil chun na críche chun ar tógadh é do leithreasú agus d'úsáid chun críche aon choda dá gcomhachta agus dá ndualgaisí. [EN] 
Drama and Music Retweeted	Rinne Drama and Music Atweetáil
This online summer course, which is worth 3 EPV days, is aimed at primary school teachers who are interested in getting new ideas for teaching Irish in the classroom and who would like to learn about using the communicative approach in their teaching. 	Tá an cúrsa samhraidh seo ar líne, ar fiú 3 lá EPV é, dírithe ar mhúinteoirí bunscoile ar mhaith leo smaointe nua a fháil do mhúineadh na Gaeilge agus ar spéis leo foghlaim faoin tslí leis an gcur chuige cumarsáideach a úsáid ina gcuid teagaisc. 
Beef access to the Chinese market is a huge prize and my Department and the beef industry will now work to ensure that that inspection visit is successful”.	Dúirt an tAire: "Creidim go láidir go mbeidh ár dtionscal mairteola éifeachtach agus go mbeidh sé éifeachtach ar mhargadh na Síne agus tá mé ag súil go mór leis na deiseanna a thiocfaidh chun cinn de bharr na rochtana sin. 
@gadventures hasn't Tweeted yet.	Ní dhearna @gadventures Tweetáil fós.
(4) A superintendent of the Gárda Síochána to whom an application for a certificate of personal fitness is duly made under this section shall, within fourteen days after the receipt of such application, do one or other as he in his discretion shall think proper of the following things, that is to say, either give to the applicant a certificate in the prescribed form that he is a fit and proper person to hold a bookmaker's licence or on any one or more of the grounds hereinafter authorised refuse to give such certificate. 	(4) Aon cheannphort den Ghárda Síochána ar a n-iarrfar deimhniú oiriúnachta pearsanta go cuibhe fén alt so, déanfa sé ceachtar den dá ní seo leanas laistigh de cheithre lá déag tar éis an iarratais sin d'fháil, pé ní acu is dóich leis ina aigne féin is ceart, sé sin le rá, deimhniú do thabhairt don iarratasóir, sa bhfuirm orduithe, gur duine ceart oiriúnach é chun ceadúnais gheall-ghlacadóra do bheith aige no, ar aon scór no scóranna dá n-údaruítear ina dhiaidh seo anso, diúltú don deimhniú san do thabhairt uaidh. 
[GA] Application of Superannuation Acts, 1834 to 1956. 	[EN] Feidhm na nAchtanna Aoisliúntas, 1834 go 1956 
In the book The Lightning Discharge (M. Uman) - there is a mention that by 1900 scientists have used observed magnetization of basalt (containing microscopically dispersed pure metallic Fe) to estimate the currents that were in progress during nearby lightning discharges.	Sa leabhar Scaoileadh Lightning (M. Uman) - tá a lua Bheadh sé sin a bheith 1,900 eolaithe breathnaithe Magnetization Úsáidte de basalt (ina bhfuil micreascóp Scaipthe íon mhiotalacha Fe) chun meastachán a dhéanamh ar na sruthanna sin bhí ar siúl le linn sceitheadh lightning in aice láimhe. 
The response time at any time of the day is less than 1 minute.	Is lú ná 1 nóiméad an t-am freagartha ag am ar bith den lá.
Moncler Jackets Women 5569 Moncler offers some of the most stylish and adorable Moncler...	Moncler Jackets mBan 5569 Moncler Tá roinnt de na seaicéid Moncler an chuid is mó...
Christian Louboutin has said that the beauty of a girl should have at least seven pairs of shoes, like the seven deadly sins, a pair of fun, a pair... more info... more info 	Christian Louboutin Tá sé ráite gur chóir go mbeadh an áilleacht cailín ar a laghad seacht péirí bróga, cosúil leis na Louboutin Tá sé ráite gur chóir go mbeadh an áilleacht cailín ar a laghad seacht péirí bróga, cosúil leis na seacht bpeacaí... more info 
CTRL + SPACE for auto-complete.	CTRL + SPÁS le haghaidh comhlánú uathoibríoch.
The last sentence shall be deleted;	Scriostar an abairt deiridh;
This video is in the categories Inexperienced, Webcam, Asian girls, HD great quality original name of this movie Inexperienced porn online Anna Semenovich watch free Category 	Is é seo an físeán i na catagóirí Inexperienced, Cailíní na háise, Ceamara gréasáin, HD caighdeán iontach t-ainm bunaidh an scannán Taithí porn ar líne Anna Semenovich féach ar saor in aisce Catagóir 
Position of the European Parliament adopted at second reading on 22 April 2009 with a view to the adoption of Regulation (EC) No.../2009 of the European Parliament and of the Council on conditions for access to the natural gas transmission networks and repealing Regulation (EC) No 1775/2005	SEASAMH Ó PHARLAIMINT NA hEORPA a glacadh ar an dara léamh an 22 Aibreán 2009 chun go nglacfaí Rialachán (CE) Uimh. .. /2009 ó Pharlaimint na hEorpa agus ón gComhairle lena mbunaítear Gníomhaireacht um Chomhar idir Rialtóirí Fuinnimh
(2) It shall be the duty of the Board to conduct its undertaking so that, as soon as may be, and in any case not later than the 31st day of March, 1964, its operating expenditure, including all charges properly chargeable to revenue, shall not be greater than the revenue of the Board. 	(2) Is é dualgas an Bhoird a ghnóthas a stiúradh ar chuma go dtarlóidh, a thúisce is féidir, agus ar aon chor ar dháta nach déanaí ná an 31ú lá de Mhárta, 1964, nach mbeidh caiteachas oibríochta an Bhoird, lena n-áirítear na muirir uile is inchurtha go cuí ar ioncam, níos mó ná ioncam an Bhoird. 
FC BarcelonaVerified account @FCBarcelona_cat 31 Dec 2017 More	FC BarcelonaCuntas deimhnithe @FCBarcelona_cat 11 u11 uair an chloig ó shin
[GA] the damages recoverable for the benefit of his estate shall be calculated without reference to any loss or gain to his estate consequent on his death, except that a sum in respect of funeral expenses may be included. 	[EN] déanfar na damáistí is inghnóthaithe chun tairbhe a eastáit a ríomh gan tagairt d'aon chaillteanas nó brabach a bhain dá eastát de dhroim a bháis, ach amháin go bhféadfar suim a áireamh i leith caiteachais adhlactha. 
Media You blocked @G_MenBasketball Are you sure you want to view these Tweets?	Meáin Chuir tú cosc ar @grahamgmen An bhfuil tú cinnte gur mhaith leat breathnú ar na Tweetanna seo?
[GA] (b) in the case of a structure which existed immediately before the appointed day and is on the commencement of that day an unauthorised structure, for the retention of the structure. 	[EN] (b) i gcás déanmhas a bhí ann díreach roimh an lá ceaptha agus ar déanmhas neamhúdaraithe é i dtús an lae sin, chun an déanmhas a choinneáil. 
Follow Follow @tanneramma Following Following @tanneramma your follow request to @tanneramma More	Lean Lean Feitheamh Iarratas leanúna ó @tanneramma ar feitheamh Cuir ar ceal Cealaigh d'iarratas leanúna do @tanneramma Tuilleadh
For inquiries about our products or pricelist, please leave your email to us and we will be in touch within 24 hours. 	Glaoigh orainn Zhuyuangang 235, Tiantou fiosrúcháin faoi ár dtáirgí nó pricelist, le do thoil fág do r-phost chugainn agus beidh muid i dteagmháil leat 
These donations are sent to the branch office so that money can be made available to congregations needing to build or remodel a Kingdom Hall.	Seoltar na síntiúis dheonacha seo go dtí an chraobh-oifig, ionas gur féidir an t-airgead a chur ar fáil do phobail a dteastaíonn uathu Ríocht-halla a thógáil nó a athchóiriú. 
[GA] (2) The rights conferred by subsection (1) belong to and may be enforced by each incumbrancer or the mortgagor notwithstanding any intermediate incumbrance, but a requisition of an incumbrancer prevails over a requisition of the mortgagor and, as between incumbrancers, a requisition of a prior incumbrancer prevails over a requisition of a subsequent incumbrancer. 	[EN] (2) Maidir leis na cearta a thugtar le fo-alt (1), is le gach eireadóir nó is leis an morgáisteoir iad agus féadfaidh sé nó sí iad a chur i bhfeidhm d’ainneoin aon eire idirmheánaigh, ach beidh forlámhas ag ceanglas eireadóra ar cheanglas ón morgáisteoir agus, amhail idir eireadóirí, beidh forlámhas ag ceanglas eireadóra tosaíochta ar cheanglas eireadóra ina dhiaidh sin. 
The breakdown of costs and revenues between different products, functions or company departments where it is possible to attribute costs (and revenues) directly to the departments where the cost (revenue) arises. 	Miondealú costas agus ioncaim i leith táirgí, feidhmeanna nó ranna cuideachta nuair is féidir costais (agus ioncam) a chur go díreach i leith na ranna ina dtarlaíonn na costais (an t-ioncam). 
Amid the growing number of challenges but also opportunities we face outside the European Union, the 73 Members of this committee contribute towards the definition of the EU's foreign and security policy and scrutinise its implementation. 	I measc na ndúshlán atá ag méadú, agus i measc na ndeiseanna atá os comhair Pharlaimint na hEorpa freisin, bíonn 73 Chomhalta an choiste seo ag rannchuidiú le sainiú bheartas eachtrach agus slándála AE agus déanann siad cur chun feidhme an bheartais sin a ghrinnscrúdú. 
[GA] (b) that the chairman and other directors shall be appointed, and may be removed from office, by the Minister with the consent of the Minister for Industry and Commerce, 	[EN] (b) gurb é an tAire, le toiliú an Aire Tionscail agus Tráchtála, a cheapfaidh an cathaoirleach agus na stiúrthóirí eile agus go bhféadfaidh an tAire, le toiliú an Aire Tionscail agus Tráchtála, an cathaoirleach agus na stiúrthóirí eile a chur as oifig, 
(b) in the case of any other relevant pension scheme, to the board of directors or other governing body of the relevant body concerned. 	(b) i gcás aon scéime pinsean iomchuí eile, chuig bord stiúrthóirí nó comhlacht ceannais eile an chomhlachta iomchuí lena mbaineann. 
Jussi HALLA-AHO: Declarations	Jussi HALLA-AHO: Dearbhuithe
Gaeilge is the national language of Ireland, it has constitutional status and in general every primary school child must learn Gaeilge. Learning Outcomes 	Is í an Ghaeilge teanga náisiúnta na hÉireann, tá stádas bunreachtúil aici agus i gcoitinne tá sé riachtanach go bhfoghlaimíonn gach páiste bunscoile Gaeilge. 
Reply to your written correspondence within 5 working days of receipt or alternatively acknowledge receipt of your correspondence within 3 working days with a full reply within 10 working days.	Freagra a thabhairt ar do chomhfhreagras scríofa laistigh de 5 lá oibre ón lá a ghlactar leis nó fógra a thabhairt duit de rogha ar sin, laistigh de 3 lá oibre, go bhfuarthas do chomhfhreagras, agus freagra iomlán a chur chugat laistigh de 10 lá oibre. 
GNHearingAID Terms and Conditions:	Téarmaí agus Coinníollacha GNHearingAID:
(b) An assessment to give effect to this subsection shall not be out of time if made within 10 years after the end of the year of assessment in which the assets are disposed of by the child.	(b) Ní bheidh measúnacht chun éifeacht a thabhairt d'fhorálacha an fho-ailt seo as am má dhéantar í laistigh de dheich mbliana ó dheireadh na bliana measúnachta inar dhiúscair an leanbh na sócmhainní.
Contact details about this website or report a problem	Aiseolas a thabhairt faoin suíomh gréasáin seo nó fadhb a thuairisciú
Next Tweet from user Premier Christianity @Christianitymag Mar 29 Follow Follow @Christianitymag Following Following @Christianitymag request from @Christianitymag Cancel Cancel your follow request to @Christianitymag	Siar Ar Aghaidh An chéad Tweet eile ón Coiscthe Coiscthe @Christianitymag Díchoisc Díchoisc @Christianitymag Ar Feitheamh Iarratas leanúna ó @Christianitymag ar feitheamh Cuir ar ceal Cealaigh d'iarratas leanúna do @Christianitymag
Minister Humphreys travels to Philadelphia for 2016 International Famine Commemoration	An tAire Humphreys ag taisteal go Philadelphia do Chuimhneachán Idirnáisiúnta an Ghorta Mhóir 2016
Steel and Magnesium Alloy, Nickel-Plated for Corrosion Resistance Origin 	Alloy Cruach agus Maignéisiam, Neitil-Plátáilte le haghaidh Friotaíocht Creimeadh Origin 
Twitter will use this to make replies 14 retweets 26 likes	JET NIGHT CABARET vol.5 freagra 14 d’atweetálacha 26 croí
Our Japanese Yen to Euro convertor is up-to-date with exchange rates from 11.02.2020.	Tá ár n-Yen na Seapáine go euro convertor cothrom le dáta le rátaí malairte ó 12.02.2020.
Replying to @SInow	Ag tabhairt freagra ar @SInow Nola
Therefore, in the choice of a gas sensor, should be as much as possible to understand other gases on the detection of the sensor interference to ensure that it is accurate for a specific gas detection. 	Dá bhrí sin, i rogha braiteoir gáis, ba cheart go mbeidís an oiread agus is féidir a thuiscint chun gáis eile a thuiscint maidir le braiteadh na braiteoirí a bhrath chun a chinntiú go bhfuil sé cruinn le haghaidh braite gáis ar leith. 
Most popular and download pictures porn erotica for free Comments	An chuid is mó tóir agus a íoslódáil na pictiúir porn erotica saor in aisce Comments
wojenaka - Scottish Gaelic	wojenaka - Gaeilge na hAlban
With a strong emerging partnership during 2009, Churchfield Trust Ltd and its service users agreed, on a pilot basis, to operate the seasonal cafe to the greater benefit of the community, wider project and those participating in programmes. 	Le comhpháirtíocht láidir ag teacht chun cinn i rith 2009, d'aontaigh Iontaobhas Chnoc na Cille Teo. (Churchfield Trust Ltd) agus na daoine a bhaineann úsáid as a gcuid seirbhísí, ar bhonn treorach, an caife séasúrach a fheidhmiú ar mhaithe an chomhphobail i gcoitinne, an tionscadail níos leithne agus na ndaoine siúd atá ag glacadh páirt sna cláir. 
Definitely 0 replies 0 retweets 1 like	Ag freagairt freagra 0 d’atweetálacha 1 chroí
Alex Tanner loves Chad White and Fucks him vigorously and SW	Alex Tanner is breá Sead Bán agus Fucks dó go bríomhar agus SW
Evolution of the price of the currency British Pound sterling compared with the currency price Won North Korea	Éabhlóid an praghas ar an airgeadra Punt steirling na Breataine i gcomparáid leis an bpraghas airgeadra Bhuaigh An Chóiré Thuaidh
Crown (table) engraved neatly, super-divine craft! 	Corón (tábla) greanta go snasúil, ceardaíocht super-diaga! 
Tickets are free of charge and the venue is Solis Lough Eske Castle.	Tá ticéidí saor in aisce agus is é Caisleán Solis Loch Iascaigh an t-ionad don lá.
Pending Pending follow request from @uug_p_raku Cancel Cancel your follow request to @uug_p_raku More	Feitheamh Iarratas leanúna ó @Avenir_p_q_ ar feitheamh Cuir ar ceal Cealaigh d'iarratas leanúna do @Avenir_p_q_
Amounts and payments in the milk and milk products sector	Roinn 3 Cabhair in earnáil na dtorthaí agus na nglasraí
@girlsschools hasn't Tweeted yet.	Ní dhearna @girlsschools Tweetáil fós.
Joc en línia joc flash Romeo on the Run de forma gratuïta.	Seinn ar líne flash cluiche Romeo ar an Rith le haghaidh saor in aisce.
Media You blocked @AHLY_AHMED100 Are you sure you want to view these Tweets?	Meáin Chuir tú cosc ar @Amlati1 An bhfuil tú cinnte gur mhaith leat breathnú ar na Tweetanna seo?
Generationis is broken into three lines and contained within an elaborate frame in the right lower quadrant of the page.	Rinneadh trí líne den fhocal Generationis agus tá sé timpeallaithe ag fráma mionsaothraithe sa cheathrú íochtarach ar dheis an leathanaigh.
Remember the dangers of sunlight.	Cuimhnigh na contúirtí a bhaineann le solas na gréine.
International in the Italian market have confidence in the Italian market then	Idirnáisiúnta sa mhargadh na hIodáile go bhfuil muinín sa mhargadh na hIodáile ansin
Cnc Parts Supply for Romania	Cnc Páirteanna Soláthar le haghaidh Rómáin
$46.17 $25.99 Save: 44% off Pandora compatible charms will make the perfect gift for someone you care about - it is unique and special, just like her! 	Beidh Pandora charms comhoiriúnach a dhéanamh ar an bronntanas iontach do dhuine cúram tú ar tí - tá sé uathúil agus speisialta, díreach cosúil léi! 
— promotion of the Irish language;	— an Ghaeilge a chur chun cinn;
It cannot be done before birth or after death or outside the physical body.	Ní féidir é a dhéanamh roimh bhreith nó tar éis bháis nó lasmuigh den chorp fisiciúil.
Name: Sky Dragon Restaurant	Cluiche ar líne: Sky Dragon
"The management of farmland has a direct influence on water quality and priority is creating high quality farmland habitats that work for the farmers and deliver real socio-economic benefits to the areas concerned. 	"Bíonn tionchar díreach ag an mbainistiú a dhéantar ar thalamh feirme ar cháilíocht uisce agus an tosaíocht atá againn gnáthóga talún feirme ar ardchaighdeán a thabhairt chun cinn a fheileann do na feirmeoirí agus a mbíonn leasanna socheacnamaíochta ag baint leo sna ceantair atá i gceist. 
Make an entrance at your upcoming fancy soiree in a sparkly number, look office ready in polished heels, or keep it casual in flats. 	Déan bealach isteach ar do soiree mhaisiúil a leanas ar an méid sparkly, le feiceáil oifig ullmhaithe i heels snasta, nó leanúint a choinneáil ócáideach in árasáin. 
Delegation to the EU-Mexico Joint Parliamentary Committee Substitute	Toscaireacht chun an Chomhchoiste Pharlaimintigh den AE agus de Mheicsiceo
The method is based on the translation exercise.	Tá an modh bunaithe ar an gcleachtas aistrithe.
A member of our security team will be able to assist disabled visitors in the event of an emergency/evacuation	Beidh baill dár bhfoireann slándála a bheith in ann chun cabhrú le do chuairteoirí faoi mhíchumas i gcás éigeandála / aslonnaithe
Since the device is one, and there is nothing to compare the readings with, then it will not be possible to find out why the error is obtained. 	Ós rud é nach bhfuil ach gléas amháin ann, agus nach bhfuil aon rud le comparáid a dhéanamh idir na léamha, ní féidir a fháil amach cén fáth a bhfaightear an earráid. 
Forestry (Amendment) Act 2009	Acht na gCuideachtaí (Leasú) 2009
Since no need fire during installation, they’re especially suitable for flammable and explosive places such as petroleum, chemical, mining. 	Ós rud é nach gá dóiteáin le linn na suiteála, tá siad oiriúnach go háirithe d'áiteanna inadhainte agus pléascacha amhail peitriliam, ceimiceán, mianadóireacht. 
Electronics-ic.com® is a full service CY29658AI supplier and distributor for CY29658AI.	Is Electronics-ic.com® soláthraí CY29658AI seirbhís iomlán agus dáileoir do CY29658AI.
Twitter will use this to make your timeline better. Undo Monica S. Watson @monicaswatson 14 Dec 2017	Bainfidh Twitter úsáid as seo chun d'amlíne a fheabhsú, Cealaigh Monica S. Watson @monicaswatson 14 Noll 2017 
(ii) the said statement and the statement furnished by the Clerk of Dáil Éireann pursuant to subsection (1) of section 69 of this Act shall together be deemed to be the electoral roll constituted under the said section 69 for the election;	(ii) is tuigthe gurb é an ráiteas sin maraon leis an ráiteas a bhéarfas Cléireach Dháil Éireann de bhun fo-ailt (i) d'alt 69 den Acht seo an liosta toghthoirí a bunaíodh faoin alt sin 69 don toghchán;
04-02-1997 / 19-07-1999: Group of the Party of Parliamentary Committee	04-02-1997 / 19-07-1999: Grúpa Pháirtí na Sóisialaithe Eorpacha - Leas-Chathaoirleach
matthew macklinVerified account @mattmacklin Jul 24 More Copy link to Tweet	matthew macklinCuntas deimhnithe @mattmacklin 24 Iúil Tuilleadh Cóipeáil nasc leis an tweet
On a practical level, this means that you and your family are entitled to apply for any benefits or assistance available in the country in which you reside. 	I ngníomh, ciallaíonn sé sin go bhfuil tú agus do theaghlach i dteideal iarratas a dhéanamh ar shochair nó ar chúnamh ar bith atá ar fáil sa tír ina bhfuil tú i do chónaí. 
Media You blocked @RadioCockpit Are you sure you want to view these Tweets?	Meáin Chuir tú cosc ar @FestivalHumour An bhfuil tú cinnte gur mhaith leat breathnú ar na Tweetanna seo?
[GA] (a) he is a member of a representative body of insurance brokers which requires compliance with the provisions of this Act as a condition of membership, and that body is recognised as such by the Minister, and he otherwise complies with the provisions of this Act, or, not being a member of a recognised representative body, he complies with the provisions of this Act, and 	[EN] (a) gur ball é de chomhlacht ionadach bróicéirí árachais a cheanglaíonn, mar choinníoll le haghaidh ballraíochta, go gcomhlíonfar forálacha an Achta seo, agus go dtugann an tAire aitheantas don chomhlacht mar chomhlacht den sórt sin, agus go gcomhlíonfaidh sé thairis sin forálacha an Achta seo, nó, mura ball de chomhlacht ionadach aitheanta é, go gcomhlíonfaidh sé forálacha an Achta seo, agus 
Follow Follow @SKinnock Following Following @SKinnock Unfollow Unfollow @SKinnock Blocked Blocked @SKinnock Unblock Unblock @SKinnock Pending Pending follow request from @SKinnock Cancel Cancel your follow request to @SKinnock	Siar Ar Aghaidh An chéad Tweet eile ón Coiscthe Coiscthe @SKinnock Díchoisc Díchoisc @SKinnock Ar Feitheamh Iarratas leanúna ó @SKinnock ar feitheamh Cuir ar ceal Cealaigh d'iarratas leanúna do @SKinnock
Show this thread Laura HudsonVerified account @laura_hudson Aug 29 Follow Follow @laura_hudson Following Cancel Cancel your follow request to @laura_hudson	Taispeáin an snáithe seo Laura HudsonCuntas deimhnithe @laura_hudson 30 Lún Lean Lean Feitheamh Iarratas leanúna ó @laura_hudson ar feitheamh Cuir ar ceal Cealaigh d'iarratas leanúna do @laura_hudson
Of course pregnancy can cause you to miss your period too.	Ar ndóigh, is féidir toirchis faoi deara leat a chailleann do thréimhse chomh maith. 
And so it was that Halima's foster child would refer to her in later years as his "mother" and to her children as his "brothers and sisters". 	Agus mar sin bhí sé go mbeadh leanbh altrama Halima a tagairt a dhéanamh di sna blianta ina dhiaidh mar a "máthair" agus dá leanaí mar a "deartháireacha agus deirfiúracha". 
The easiest way is to invite them to spend a night in your garden from time to time.	Is é an bealach is éasca ná cuireadh a thabhairt dóibh oíche a chaitheamh sa ghairdín ó am go ham.
Woven bag, coil, others are also available according to client' requirement 	Sreang corna, tá daoine eile ar fáil freisin de réir riachtanas an chliaint 
Follow Follow @ColumbusCrewSC Following follow request from @ColumbusCrewSC Cancel Cancel your follow request to @ColumbusCrewSC More Copy link to Tweet	Lean Lean Díchoisc @ColumbusCrewSC Ar Feitheamh Iarratas leanúna ó @ColumbusCrewSC ar feitheamh Cuir ar ceal Cealaigh d'iarratas leanúna do @ColumbusCrewSC Tuilleadh
Play golf simply nowhere.	Seinn gailf ach Níláit ar bith.
— the provision of improved tools to facilitate the interpretation and communication of indicators; and	— uirlisí feabhsaithe a sholáthar chun go mbeidh sé níos éasca táscairí a léirmhíniú agus a chur in iúl; agus
Liked Stephen MillerVerified account @redsteeze 9h9 hours ago	Stephen MillerCuntas deimhnithe @redsteeze 9 u9 n-uaire an chloig ó shin
Land Informasjon: GE (Georgia)	Réigiún Cathrach Liosta: GE (An tSeoirsia)
This is the Whenua IPv4: Nauru page list.	Is é seo an Tír IPv4: Nárú liosta leathanach.
3D dynamic Galvo system, finishing continuous engraving marking in one step.“on the fly” engraving technology. 	3D Córas Galvo dinimiciúil, ag críochnú greanadh leanúnach mharcáil in aon chéim amháin. "Ar eitleog" teicneolaíocht greanadh. 
Diosgenin or wild yam is often promoted as a “natural alternative” to estrogen therapy, so you will see it used for estrogen replacement therapy, vaginal dryness in older women, PMS (premenstrual syndrome), menstrual cramps, weak bones (osteoporosis), increasing energy and sexual drive in men and women, and breast enlargement. 	Déantar Diosgenin nó Yam fiáin a chur chun cinn go minic mar "malartach nádúrtha" le teiripe estrogen, mar sin feicfidh tú é a úsáid le haghaidh cnámha lag (osteoporosis), ag méadú fuinneamh agus tiomáint gnéasach i bhfear agus mná, agus méadú cíche. 
Totally free video chat Eckerö in which you can do the following things:	Totally saor in aisce físeán comhrá a dhéanamh Bagerhat zila inar féidir leat a dhéanamh ar na fachtóirí seo a leanas:
BBC Breaking NewsVerified account @BBCBreaking Apr 2 Follow Follow @BBCBreaking Following Following request from @BBCBreaking Cancel Cancel your follow request to @BBCBreaking	BBC Breaking NewsCuntas Coiscthe @BBCBreaking Díchoisc Díchoisc @BBCBreaking Ar Feitheamh Iarratas leanúna ó @BBCBreaking ar feitheamh Cuir ar ceal Cealaigh d'iarratas leanúna do @BBCBreaking
Recompile a PL / SQL Unit Program	Déan Athchomhairle ar Aonad Clár PL / SQL
Stainless steel is used where both the properties of steel and resistance to corrosion are required.	Tá cruach dhosmálta a úsáidtear i gcás an dá na hairíonna de cruach agus friotaíocht le creimeadh ag teastáil.
4) Artificial quartz stone can directly touch the food and there is no radiation and poison,environmental friendly building materials. 	4) Is féidir le cloch grianchloch saorga teagmháil a dhéanamh go díreach leis an mbia agus níl aon radaíocht agus nimh, ábhar tógála cairdiúil don chomhshaol. 